<?xml version='1.0' encoding='UTF-8' ?>
<timeLogEntries>
  <time id="6" path="/Proyecto/PracticaPSM/PSP0.1/Code" start="@1638896973714" delta="43" interrupt="2" flag="A" />
  <time id="7" path="/Proyecto/PracticaPSM/PSP0.1/Design" start="@1638899697797" delta="30" flag="A" />
  <time id="8" path="/Proyecto/PracticaPSM/PSP0.1/Planning" start="@1638901471154" delta="1" flag="A" />
  <time id="9" path="/Proyecto/PracticaPSM/PSP0.1/Design" start="@1638901473306" delta="1" flag="A" />
  <time id="10" path="/Proyecto/PracticaPSM/PSP0.1/Code" start="@1638901480244" delta="34" flag="A" />
  <time id="11" path="/Proyecto/PracticaPSM/PSP0.1/Compile" start="@1638903501540" delta="4" flag="A" />
  <time id="12" path="/Proyecto/PracticaPSM/PSP0.1/Test" start="@1638903833052" delta="6" flag="A" />
  <time id="13" path="/Proyecto/PracticaPSM/PSP0.1/Postmortem" start="@1638904190914" flag="A" />
</timeLogEntries>
