<?xml version='1.0' encoding='UTF-8' ?>
<timeLogEntries>
  <time id="1" path="/Proyecto/Practica PSM/PSP0/Planning" start="@1638518940113" delta="5" interrupt="3" />
  <time id="2" path="/Proyecto/Practica PSM/PSP0/Design" start="@1638519421450" delta="1" />
  <time id="3" path="/Proyecto/PracticaPSM/PSP0.1/Planning" start="@1638519897732" delta="1" />
  <time id="4" path="/Proyecto/PracticaPSM/PSP0.1/Code" start="@1638519989009" delta="23" />
  <time id="5" path="/Proyecto/PracticaPSM/PSP0.1/Code" start="@1638521753346" delta="16" />
  <time id="6" path="/Proyecto/PracticaPSM/PSP0.1/Code" start="@1638896973714" delta="43" interrupt="2" />
  <time id="7" path="/Proyecto/PracticaPSM/PSP0.1/Design" start="@1638899697797" delta="30" />
  <time id="8" path="/Proyecto/PracticaPSM/PSP0.1/Planning" start="@1638901471154" delta="1" />
  <time id="9" path="/Proyecto/PracticaPSM/PSP0.1/Design" start="@1638901473306" delta="1" />
  <time id="10" path="/Proyecto/PracticaPSM/PSP0.1/Code" start="@1638901480244" delta="34" />
  <time id="11" path="/Proyecto/PracticaPSM/PSP0.1/Compile" start="@1638903501540" delta="4" />
  <time id="12" path="/Proyecto/PracticaPSM/PSP0.1/Test" start="@1638903833052" delta="6" />
  <time id="13" path="/Proyecto/PracticaPSM/PSP0.1/Postmortem" start="@1638904190914" />
</timeLogEntries>
